{
    "bench_calc": {
        "max": 0.09162116050720215,
        "mean": 0.0746773624420166,
        "mean_speedup": 1,
        "median": 0.07142138481140137,
        "median_speedup": 1,
        "min": 0.0710296630859375,
        "min_speedup": 1,
        "stddev": 0.004954747261859075
    },
    "bench_calc_lss": {
        "max": 0.07188987731933594,
        "mean": 0.0617686653137207,
        "mean_speedup": 1.2089845565341766,
        "median": 0.06143450736999512,
        "median_speedup": 1.1625613660618996,
        "min": 0.06099247932434082,
        "min_speedup": 1.1645642851837807,
        "stddev": 0.0017473796374718414
    },
    "bench_minhs": {
        "max": 0.6113390922546387,
        "mean": 0.5877786564826966,
        "mean_speedup": 1,
        "median": 0.5911865234375,
        "median_speedup": 1,
        "min": 0.5810558795928955,
        "min_speedup": 1,
        "stddev": 0.006252973350746488
    },
    "bench_minhs_lss": {
        "max": 0.6612091064453125,
        "mean": 0.6231093168258667,
        "mean_speedup": 0.9432994189155358,
        "median": 0.6214585304260254,
        "median_speedup": 0.9512887738981181,
        "min": 0.6111001968383789,
        "min_speedup": 0.9508356937194222,
        "stddev": 0.007366190265986812
    },
    "bench_parse_json": {
        "max": 1.7192072868347168,
        "mean": 1.598030548095703,
        "mean_speedup": 1,
        "median": 1.5888466835021973,
        "median_speedup": 1,
        "min": 1.548818588256836,
        "min_speedup": 1,
        "stddev": 0.036464604300281186
    },
    "bench_parse_json_lss": {
        "max": 1.4702527523040771,
        "mean": 1.3681904768943787,
        "mean_speedup": 1.167988357675923,
        "median": 1.3602416515350342,
        "median_speedup": 1.16806207316853,
        "min": 1.3193316459655762,
        "min_speedup": 1.1739418159133943,
        "stddev": 0.02515702575993139
    },
    "bench_primes_iter": {
        "max": 0.021808385848999023,
        "mean": 0.021142899990081787,
        "mean_speedup": 1,
        "median": 0.02112293243408203,
        "median_speedup": 1,
        "min": 0.020862340927124023,
        "min_speedup": 1,
        "stddev": 0.00014928977704811757
    },
    "bench_primes_iter_lss": {
        "max": 0.021671772003173828,
        "mean": 0.021176905632019044,
        "mean_speedup": 0.9983942110085318,
        "median": 0.021161317825317383,
        "median_speedup": 0.9981860585643949,
        "min": 0.020823240280151367,
        "min_speedup": 1.0018777407572792,
        "stddev": 0.0001549201870391751
    },
    "bench_primes_sieve": {
        "max": 0.3131070137023926,
        "mean": 0.28488155603408816,
        "mean_speedup": 1,
        "median": 0.28307366371154785,
        "median_speedup": 1,
        "min": 0.2727043628692627,
        "min_speedup": 1,
        "stddev": 0.008211592413270921
    },
    "bench_primes_sieve_lss": {
        "max": 0.29309558868408203,
        "mean": 0.23598846673965454,
        "mean_speedup": 1.2071842322208615,
        "median": 0.23291325569152832,
        "median_speedup": 1.2153608985074351,
        "min": 0.22243666648864746,
        "min_speedup": 1.2259865568664272,
        "stddev": 0.009804470609558894
    },
    "bench_quicksort": {
        "max": 1.2532687187194824,
        "mean": 1.142314031124115,
        "mean_speedup": 1,
        "median": 1.1431505680084229,
        "median_speedup": 1,
        "min": 1.092456340789795,
        "min_speedup": 1,
        "stddev": 0.0236970613305702
    },
    "bench_quicksort_lss": {
        "max": 1.1129260063171387,
        "mean": 1.0396926975250245,
        "mean_speedup": 1.0987035244581205,
        "median": 1.042858362197876,
        "median_speedup": 1.0961704958659737,
        "min": 0.9926340579986572,
        "min_speedup": 1.1005630241948365,
        "stddev": 0.019940645036102246
    },
    "bench_unify": {
        "max": 1.565803050994873,
        "mean": 1.4829301118850708,
        "mean_speedup": 1,
        "median": 1.475379228591919,
        "median_speedup": 1,
        "min": 1.4158320426940918,
        "min_speedup": 1,
        "stddev": 0.03911833947908572
    },
    "bench_unify_lss": {
        "max": 1.19523286819458,
        "mean": 1.15587721824646,
        "mean_speedup": 1.2829477806775802,
        "median": 1.1547040939331055,
        "median_speedup": 1.2777119578458782,
        "min": 1.1242308616638184,
        "min_speedup": 1.2593783812327612,
        "stddev": 0.014764844059856798
    }
}