{
    "bench_calc": {
        "max": 0.0914449691772461,
        "mean": 0.07975064754486084,
        "median": 0.08142995834350586,
        "min": 0.07108449935913086,
        "speedup": 1,
        "stddev": 0.004507979822393925
    },
    "bench_calc_lss": {
        "max": 0.07194352149963379,
        "mean": 0.06154182434082031,
        "median": 0.061533212661743164,
        "min": 0.06120467185974121,
        "speedup": 1.1614227672363084,
        "stddev": 0.0025027030178440667
    },
    "bench_minhs": {
        "max": 0.6522011756896973,
        "mean": 0.5958209490776062,
        "median": 0.6016957759857178,
        "min": 0.06197166442871094,
        "speedup": 1,
        "stddev": 0.07605574934963226
    },
    "bench_minhs_lss": {
        "max": 0.691246747970581,
        "mean": 0.6366629528999329,
        "median": 0.6512918472290039,
        "min": 0.08300137519836426,
        "speedup": 0.7466341886577831,
        "stddev": 0.07934783219903009
    },
    "bench_parse_json": {
        "max": 1.770226240158081,
        "mean": 1.6056802701950073,
        "median": 1.6205663681030273,
        "min": 1.1079986095428467,
        "speedup": 1,
        "stddev": 0.11280008620584021
    },
    "bench_parse_json_lss": {
        "max": 1.5525798797607422,
        "mean": 1.3934141826629638,
        "median": 1.4002184867858887,
        "min": 0.7194240093231201,
        "speedup": 1.5401190329821246,
        "stddev": 0.1267520532359304
    },
    "bench_primes_iter": {
        "max": 0.021789073944091797,
        "mean": 0.02123030662536621,
        "median": 0.021214008331298828,
        "min": 0.02093982696533203,
        "speedup": 1,
        "stddev": 0.00018532920887777958
    },
    "bench_primes_iter_lss": {
        "max": 0.021682024002075195,
        "mean": 0.021226367950439452,
        "median": 0.021214723587036133,
        "min": 0.020855188369750977,
        "speedup": 1.0040583951619357,
        "stddev": 0.00020079026081172913
    },
    "bench_primes_sieve": {
        "max": 0.3236980438232422,
        "mean": 0.30033677101135253,
        "median": 0.3033938407897949,
        "min": 0.28281092643737793,
        "speedup": 1,
        "stddev": 0.010151929325669
    },
    "bench_primes_sieve_lss": {
        "max": 0.274137020111084,
        "mean": 0.24239428520202635,
        "median": 0.24309587478637695,
        "min": 0.22329354286193848,
        "speedup": 1.266543236372217,
        "stddev": 0.010281219771008926
    },
    "bench_quicksort": {
        "max": 1.28291654586792,
        "mean": 1.1292327427864075,
        "median": 1.1230535507202148,
        "min": 0.6785902976989746,
        "speedup": 1,
        "stddev": 0.07018915876144706
    },
    "bench_quicksort_lss": {
        "max": 1.0536811351776123,
        "mean": 0.9795099210739135,
        "median": 0.9829807281494141,
        "min": 0.504143238067627,
        "speedup": 1.3460267766359428,
        "stddev": 0.06897542716591777
    },
    "bench_unify": {
        "max": 1.597111463546753,
        "mean": 1.4612215542793274,
        "median": 1.4750604629516602,
        "min": 0.9351036548614502,
        "speedup": 1,
        "stddev": 0.1098800145502593
    },
    "bench_unify_lss": {
        "max": 1.2946031093597412,
        "mean": 1.1914887380599977,
        "median": 1.2052030563354492,
        "min": 0.599839448928833,
        "speedup": 1.5589232360947871,
        "stddev": 0.11574291321464718
    }
}