{
    "bench_calc": {
        "max": 0.08140444755554199,
        "mean": 0.07624998092651367,
        "mean_speedup": 1,
        "median": 0.08109641075134277,
        "median_speedup": 1,
        "min": 0.0711362361907959,
        "min_speedup": 1,
        "stddev": 0.004937502708512609
    },
    "bench_calc_lss": {
        "max": 0.06150031089782715,
        "mean": 0.0612684965133667,
        "mean_speedup": 1.2445218222366288,
        "median": 0.061244964599609375,
        "median_speedup": 1.3241318903768295,
        "min": 0.06113100051879883,
        "min_speedup": 1.1636687701343984,
        "stddev": 0.00011660350734755304
    },
    "bench_minhs": {
        "max": 0.5917167663574219,
        "mean": 0.5903598546981812,
        "mean_speedup": 1,
        "median": 0.5912718772888184,
        "median_speedup": 1,
        "min": 0.5815613269805908,
        "min_speedup": 1,
        "stddev": 0.002939354790392127
    },
    "bench_minhs_lss": {
        "max": 0.6313838958740234,
        "mean": 0.6192741632461548,
        "mean_speedup": 0.9533093575284838,
        "median": 0.6211957931518555,
        "median_speedup": 0.9518285278282269,
        "min": 0.6111371517181396,
        "min_speedup": 0.951605258076031,
        "stddev": 0.0059675139924749805
    },
    "bench_parse_json": {
        "max": 1.7400758266448975,
        "mean": 1.6338452339172362,
        "mean_speedup": 1,
        "median": 1.6386957168579102,
        "median_speedup": 1,
        "min": 1.5781340599060059,
        "min_speedup": 1,
        "stddev": 0.04782817937033821
    },
    "bench_parse_json_lss": {
        "max": 1.4796299934387207,
        "mean": 1.396322250366211,
        "mean_speedup": 1.170106136666325,
        "median": 1.3988595008850098,
        "median_speedup": 1.1714512542690416,
        "min": 1.3392114639282227,
        "min_speedup": 1.1784054291746928,
        "stddev": 0.04045313554840065
    },
    "bench_primes_iter": {
        "max": 0.02134108543395996,
        "mean": 0.021117901802062987,
        "mean_speedup": 1,
        "median": 0.021144390106201172,
        "median_speedup": 1,
        "min": 0.0208437442779541,
        "min_speedup": 1,
        "stddev": 0.00015769039607636893
    },
    "bench_primes_iter_lss": {
        "max": 0.02137923240661621,
        "mean": 0.021179938316345216,
        "mean_speedup": 0.9970709775753052,
        "median": 0.021143436431884766,
        "median_speedup": 1.0000451049818453,
        "min": 0.021053552627563477,
        "min_speedup": 0.9900345393805561,
        "stddev": 0.00011007543089803689
    },
    "bench_primes_sieve": {
        "max": 0.29274749755859375,
        "mean": 0.280623722076416,
        "mean_speedup": 1,
        "median": 0.2826850414276123,
        "median_speedup": 1,
        "min": 0.27229976654052734,
        "min_speedup": 1,
        "stddev": 0.00612212191081141
    },
    "bench_primes_sieve_lss": {
        "max": 0.23311138153076172,
        "mean": 0.22670552730560303,
        "mean_speedup": 1.2378336135498378,
        "median": 0.223191499710083,
        "median_speedup": 1.2665582775097128,
        "min": 0.222489595413208,
        "min_speedup": 1.2238764066014494,
        "stddev": 0.00489361611987504
    },
    "bench_quicksort": {
        "max": 1.0832548141479492,
        "mean": 1.0697864294052124,
        "mean_speedup": 1,
        "median": 1.0726749897003174,
        "median_speedup": 1,
        "min": 1.0528197288513184,
        "min_speedup": 1,
        "stddev": 0.01007144833738009
    },
    "bench_quicksort_lss": {
        "max": 0.9826939105987549,
        "mean": 0.9656673192977905,
        "mean_speedup": 1.107820890307373,
        "median": 0.9628474712371826,
        "median_speedup": 1.114065334067934,
        "min": 0.9526445865631104,
        "min_speedup": 1.1051547908854586,
        "stddev": 0.00897310990333828
    },
    "bench_unify": {
        "max": 1.4552240371704102,
        "mean": 1.4298955202102661,
        "mean_speedup": 1,
        "median": 1.4250235557556152,
        "median_speedup": 1,
        "min": 1.4147019386291504,
        "min_speedup": 1,
        "stddev": 0.012154962701912877
    },
    "bench_unify_lss": {
        "max": 1.164200782775879,
        "mean": 1.148017406463623,
        "mean_speedup": 1.2455347037071034,
        "median": 1.1441583633422852,
        "median_speedup": 1.245477550496484,
        "min": 1.1340916156768799,
        "min_speedup": 1.2474317939338515,
        "stddev": 0.008015656906638066
    }
}