{
    "bench_calc": [
        0.07129645347595215,
        0.07143497467041016,
        0.08112168312072754,
        0.0811300277709961,
        0.0713655948638916,
        0.0711362361907959,
        0.0713348388671875,
        0.08117914199829102,
        0.08109641075134277,
        0.08140444755554199
    ],
    "bench_calc_lss": [
        0.06120872497558594,
        0.06124138832092285,
        0.061292171478271484,
        0.061255693435668945,
        0.06113100051879883,
        0.06146430969238281,
        0.06150031089782715,
        0.06114840507507324,
        0.06119799613952637,
        0.061244964599609375
    ],
    "bench_minhs": [
        0.5912141799926758,
        0.5910398960113525,
        0.5914309024810791,
        0.591590404510498,
        0.5917167663574219,
        0.5912718772888184,
        0.5911266803741455,
        0.591242790222168,
        0.5815613269805908,
        0.5914037227630615
    ],
    "bench_minhs_lss": [
        0.6313838958740234,
        0.6213624477386475,
        0.621119499206543,
        0.6211996078491211,
        0.6211957931518555,
        0.6112527847290039,
        0.6111371517181396,
        0.6212506294250488,
        0.6117537021636963,
        0.6210861206054688
    ],
    "bench_parse_json": [
        1.5884485244750977,
        1.598600149154663,
        1.5781340599060059,
        1.5788850784301758,
        1.6384327411651611,
        1.7400758266448975,
        1.6586933135986328,
        1.6386957168579102,
        1.6489760875701904,
        1.669510841369629
    ],
    "bench_parse_json_lss": [
        1.4796299934387207,
        1.4087669849395752,
        1.4090373516082764,
        1.4391157627105713,
        1.3988595008850098,
        1.3892912864685059,
        1.3895716667175293,
        1.3392114639282227,
        1.3394296169281006,
        1.3703088760375977
    ],
    "bench_primes_iter": [
        0.02108478546142578,
        0.02100825309753418,
        0.021144390106201172,
        0.021165132522583008,
        0.021277189254760742,
        0.02134108543395996,
        0.021001815795898438,
        0.0208437442779541,
        0.02133774757385254,
        0.02097487449645996
    ],
    "bench_primes_iter_lss": [
        0.021053552627563477,
        0.02132582664489746,
        0.0210568904876709,
        0.021231651306152344,
        0.021134614944458008,
        0.021079540252685547,
        0.021118879318237305,
        0.02137923240661621,
        0.021275758743286133,
        0.021143436431884766
    ],
    "bench_primes_sieve": [
        0.29274749755859375,
        0.2724728584289551,
        0.2825901508331299,
        0.28265380859375,
        0.2827908992767334,
        0.28268909454345703,
        0.272493839263916,
        0.28281426429748535,
        0.27229976654052734,
        0.2826850414276123
    ],
    "bench_primes_sieve_lss": [
        0.23280072212219238,
        0.23311138153076172,
        0.22256159782409668,
        0.223191499710083,
        0.23241519927978516,
        0.2227015495300293,
        0.222489595413208,
        0.22278618812561035,
        0.2324354648590088,
        0.22256207466125488
    ],
    "bench_quicksort": [
        1.0528509616851807,
        1.073059320449829,
        1.0726261138916016,
        1.0726749897003174,
        1.0528197288513184,
        1.0626885890960693,
        1.0826101303100586,
        1.0727713108062744,
        1.0725083351135254,
        1.0832548141479492
    ],
    "bench_quicksort_lss": [
        0.9727342128753662,
        0.9628474712371826,
        0.9625842571258545,
        0.9627575874328613,
        0.9527792930603027,
        0.9826939105987549,
        0.9625759124755859,
        0.9726018905639648,
        0.9526445865631104,
        0.9724540710449219
    ],
    "bench_unify": [
        1.4350411891937256,
        1.4147553443908691,
        1.4246180057525635,
        1.4147019386291504,
        1.4250187873840332,
        1.4248757362365723,
        1.4250235557556152,
        1.4348151683807373,
        1.4448814392089844,
        1.4552240371704102
    ],
    "bench_unify_lss": [
        1.14387845993042,
        1.1537694931030273,
        1.164200782775879,
        1.1439387798309326,
        1.1541635990142822,
        1.1539430618286133,
        1.1439642906188965,
        1.1340916156768799,
        1.1440656185150146,
        1.1441583633422852
    ]
}